Workbook

Sheet Pipeline
A1: # | B1: Fecha inscripción | C1: Nombre | D1: WhatsApp / Tel | E1: Email | F1: Edad | G1: RUT | H1: ¿Cómo conoció? | I1: Cohorte | J1: Estado | K1: Método de pago | L1: Cupo # | M1: Fecha pago | N1: Notas
A2: =IF(C2="","",ROW()-1)
A3: =IF(C3="","",ROW()-1)
A4: =IF(C4="","",ROW()-1)
A5: =IF(C5="","",ROW()-1)
A6: =IF(C6="","",ROW()-1)
A7: =IF(C7="","",ROW()-1)
A8: =IF(C8="","",ROW()-1)
A9: =IF(C9="","",ROW()-1)
A10: =IF(C10="","",ROW()-1)
A11: =IF(C11="","",ROW()-1)
A12: =IF(C12="","",ROW()-1)
A13: =IF(C13="","",ROW()-1)
... A201: =IF(C201="","",ROW()-1)

Sheet Tablero
A1: 📊 Tablero — Inscripciones Nivel 1
A2: Se actualiza solo a medida que llenas el Pipeline.
A4: EMBUDO | D4: CUPOS POR COHORTE (máx. 15)
A5: Inscritos | B5: =COUNTIF(Pipeline!J2:J201,"Inscrito")+COUNTIF(Pipeline!J2:J201,"Pagó")+COUNTIF(Pipeline!J2:J201,"Confirmado")+COUNTIF(Pipeline!J2:J201,"Onboarded") -> 0 | D5: Cohorte | E5: Confirmados | F5: Quedan | G5: Estado
A6: Pagaron | B6: =COUNTIF(Pipeline!J2:J201,"Pagó")+COUNTIF(Pipeline!J2:J201,"Confirmado")+COUNTIF(Pipeline!J2:J201,"Onboarded") -> 0 | D6: Martes 🇨🇱 | E6: =COUNTIFS(Pipeline!I2:I201,"Martes 🇨🇱",Pipeline!J2:J201,"Confirmado")+COUNTIFS(Pipeline!I2:I201,"Martes 🇨🇱",Pipeline!J2:J201,"Onboarded") -> 0 | F6: =15-E6 -> 15 | G6: =IF(F6<=0,"CERRADA",IF(F6<=3,"¡Últimos!","Abierta")) -> Abierta
A7: Confirmados (pagados) | B7: =COUNTIF(Pipeline!J2:J201,"Confirmado")+COUNTIF(Pipeline!J2:J201,"Onboarded") -> 0 | D7: Jueves 🇨🇱 | E7: =COUNTIFS(Pipeline!I2:I201,"Jueves 🇨🇱",Pipeline!J2:J201,"Confirmado")+COUNTIFS(Pipeline!I2:I201,"Jueves 🇨🇱",Pipeline!J2:J201,"Onboarded") -> 0 | F7: =15-E7 -> 15 | G7: =IF(F7<=0,"CERRADA",IF(F7<=3,"¡Últimos!","Abierta")) -> Abierta
A8: Onboarded | B8: =COUNTIF(Pipeline!J2:J201,"Onboarded") -> 0 | D8: Sábado 🇪🇸 | E8: =COUNTIFS(Pipeline!I2:I201,"Sábado 🇪🇸",Pipeline!J2:J201,"Confirmado")+COUNTIFS(Pipeline!I2:I201,"Sábado 🇪🇸",Pipeline!J2:J201,"Onboarded") -> 0 | F8: =15-E8 -> 15 | G8: =IF(F8<=0,"CERRADA",IF(F8<=3,"¡Últimos!","Abierta")) -> Abierta
A9: Cancelados | B9: =COUNTIF(Pipeline!J2:J201,"Cancelado") -> 0
D10: INGRESOS (estimado)
A11: % conversión inscrito→pagó | B11: =IFERROR(B6/B5,0) -> 0 | D11: Pagados × $89 USD | E11: =B6*89 -> 0
D12: Meta (45 cupos) | E12: =45*89 -> 4005
D13: % de la meta | E13: =IFERROR(B6/45,0) -> 0
A15: ¿DE DÓNDE VIENEN? (canal)
A16: Canal | B16: Inscritos
A17: Instagram | B17: =COUNTIF(Pipeline!H2:H201,"Instagram") -> 0
A18: TikTok | B18: =COUNTIF(Pipeline!H2:H201,"TikTok") -> 0
A19: YouTube | B19: =COUNTIF(Pipeline!H2:H201,"YouTube") -> 0
A20: Facebook | B20: =COUNTIF(Pipeline!H2:H201,"Facebook") -> 0
A21: Taller gratuito | B21: =COUNTIF(Pipeline!H2:H201,"Taller gratuito") -> 0
A22: Recomendación | B22: =COUNTIF(Pipeline!H2:H201,"Recomendación") -> 0
A23: Google | B23: =COUNTIF(Pipeline!H2:H201,"Google") -> 0
A24: Otro | B24: =COUNTIF(Pipeline!H2:H201,"Otro") -> 0
